[{"Id":1,"MQ7":1.25,"Fecha":"23/04/2023","Hora":"17:59"},
{"Id":2,"MQ7":1.30,"Fecha":"13/05/2023","Hora":"22:36"},
{"Id":3,"MQ7":1.27,"Fecha":"04/05/2023","Hora":"15:42"},
{"Id":4,"MQ7":1.25,"Fecha":"19/05/2023","Hora":"4:53"},
{"Id":5,"MQ7":1.40,"Fecha":"16/04/2023","Hora":"0:35"},
{"Id":6,"MQ7":1.26,"Fecha":"01/03/2023","Hora":"8:59"},
{"Id":7,"MQ7":1.30,"Fecha":"24/03/2023","Hora":"2:35"},
{"Id":8,"MQ7":1.24,"Fecha":"12/03/2023","Hora":"12:53"},
{"Id":9,"MQ7":1.24,"Fecha":"09/03/2023","Hora":"20:15"},
{"Id":10,"MQ7":1.25,"Fecha":"07/04/2023","Hora":"8:35"}]