[{"Id":1,"MQ6":0.97,"Fecha":"07/05/2023","Hora":"6:30"},
{"Id":2,"MQ6":1.0,"Fecha":"24/04/2023","Hora":"9:51"},
{"Id":3,"MQ6":0.83,"Fecha":"18/06/2023","Hora":"2:19"},
{"Id":4,"MQ6":0.93,"Fecha":"23/02/2023","Hora":"7:15"},
{"Id":5,"MQ6":0.96,"Fecha":"13/05/2023","Hora":"13:20"},
{"Id":6,"MQ6":0.83,"Fecha":"12/02/2023","Hora":"12:05"},
{"Id":7,"MQ6":0.92,"Fecha":"16/03/2023","Hora":"13:49"},
{"Id":8,"MQ6":0.94,"Fecha":"22/06/2023","Hora":"6:18"},
{"Id":9,"MQ6":0.85,"Fecha":"27/05/2023","Hora":"13:05"},
{"Id":10,"MQ6":0.83,"Fecha":"27/03/2023","Hora":"4:06"}]