[
  {
    "ID": 1,
    "FechaHora": "2023-03-01 10:15:23",
    "Sensor": "MQ-6",
    "TipoGAs": "Propano",
    "Concentracion": 20,
    "DescripciondeAlerta": "Posible fuga de gas"
  },
  {
    "ID": 2,
    "FechaHora": "2023-03-03 15:30:45",
    "Sensor": "MQ-7",
    "TipoGAs": "Monóxido de Carbono",
    "Concentracion": 80,
    "DescripciondeAlerta": "Alta concentración"
  },
  {
    "ID": 3,
    "FechaHora": "2023-03-05 08:45:17",
    "Sensor": "MQ-6",
    "TipoGAs": "Propano",
    "Concentracion": 32,
    "DescripciondeAlerta": "Posible fuga de gas"
  },
  {
    "ID": 4,
    "FechaHora": "2023-03-10 12:20:10",
    "Sensor": "MQ-7",
    "TipoGAs": "Monóxido de Carbono",
    "Concentracion": 100,
    "DescripciondeAlerta": "Riesgo de intoxicación"
  },
  {
    "ID": 5,
    "FechaHora": "2023-03-12 14:55:55",
    "Sensor": "MQ-6",
    "TipoGAs": "Propano",
    "Concentracion": 40,
    "DescripciondeAlerta": "Emergencia"
  },
  {
    "ID": 6,
    "FechaHora": "2023-04-02 09:30:30",
    "Sensor": "MQ-7",
    "TipoGAs": "Monóxido de Carbono",
    "Concentracion": 90,
    "DescripciondeAlerta": "Nivel peligroso"
  },
  {
    "ID": 7,
    "FechaHora": "2023-04-05 10:40:15",
    "Sensor": "MQ-6",
    "TipoGAs": "Propano",
    "Concentracion": 25,
    "DescripciondeAlerta": "Posible fuga de gas"
  },
  {
    "ID": 8,
    "FechaHora": "2023-05-10 14:15:50",
    "Sensor": "MQ-7",
    "TipoGAs": "Monóxido de Carbono",
    "Concentracion": 200,
    "DescripciondeAlerta": "Alerta de seguridad"
  },
  {
    "ID": 9,
    "FechaHora": "2023-06-01 07:20:40",
    "Sensor": "MQ-6",
    "TipoGAs": "Propano",
    "Concentracion": 36,
    "DescripciondeAlerta": "Fuga de gas detectada"
  },
  {
    "ID": 10,
    "FechaHora": "2023-06-10 09:55:55",
    "Sensor": "MQ-7",
    "TipoGAs": "Monóxido de Carbono",
    "Concentracion": 110,
    "DescripciondeAlerta": "Advertencia"
  }
]

  